anticodon.dna,anticodon,three.letter,Seq
AGC,IGC,Ala,392890.7409
TGC,UGC,Ala,476558.145
ACG,ICG,Arg,561635.5849
CCG,CCG,Arg,14705.79053
CCT,CCU,Arg,86852.99862
TCT,1CU,Arg,607312.3701
GTT,GUU,Asn,528157.9858
GTC,GUC,Asp,517271.5137
GCA,GCA,Cys,283365.1364
CTG,CUG,Gln,105594.2527
TTG,3UG,Gln,568027.14358
CTC,CUC,Glu,259262.1251
TTC,3UC,Glu,498056.09827
CCC,CCC,Gly,98643.65898
GCC,GCC,Gly,403210.2564
TCC,NCC,Gly,283308.5539
GTG,GUG,His,52206.4051
AAT,IAU,Ile,318343.3033
GAT,GAU,Ile,0
TAT,PAU,Ile,186390.66106
CAA,?AA,Leu,134747.8176
GAG,GAG,Leu,10697.48656
TAA,~AA,Leu,206252.2485
TAG,UAG,Leu,404997.1316
CTT,CUU,Lys,665284.5315
TTT,3UU,Lys,736083.9445
CAT,CAU,Met,188178.6679
GAA,#AA,Phe,23070.946626
AGG,AGG,Pro,2000.757033
TGG,NGG,Pro,19149.779704
AGA,IGA,Ser,281814.7760461
CGA,CGA,Ser,8781.603269
GCT,GCU,Ser,12843.09478
TGA,NGA,Ser,16743.89201
AGT,IGU,Thr,561179.53
CGT,CGU,Thr,76837.89695
TGT,UGU,Thr,126004.69043
CCA,BCA,Trp,390500.6963
GTA,GUA,Tyr,301752.1841
AAC,IAC,Val,537970.5221
CAC,CAC,Val,86989.92826
TAC,&AC,Val,372389.7712
